Ship to Name,Address,County State,Notes,,
LES HAWKINS INSTALLATIONS,235 W MILL STREET,Boone IN,,,
RELIABLE TRANSMISSION SVC,450 N ENTERPRISE BLVD,Boone IN,,,
MCKINLEY PACKAGING COMPANY,640 S STATE RD 39,Boone IN,,,
MCKINLEY PACKAGING,640 S STATE RD 39,Boone IN,,,
TRADEWINDS,4215 INDIANAPOLIS RD,Boone IN,,,
SKJODT BARRETT CONTRACT,401 S ENTERPRISE BLVD,Boone IN,,,
SKJODT BARRETT CONTRACT,521 ENTERPRISE BLVD,Boone IN,,,
HACHETTE BOOK GROUP USA,121 N ENTERPRISE BLVD,Boone IN,,,
HACHETTE BOOK GROUP USA,123 N ENTERPRISE BLVD,Boone IN,,,
SUBARU OF AMERICA,945 MONUMENT DR,Boone IN,,,
MENARDS #3283,402 N SAM RALSTON RD,Boone IN,,,
CNH AMERICA LLC,400 S ENTERPRISE BLVD,Boone IN,,,
CNH AMERICA LLC,400 S ENTERPRISE BLVD,Boone IN,,,
HACHETTE BOOK GROUP USA,121 N ENTERPRISE BLVD,Boone IN,,,
PURITY WHOLESALE GROCERS,100 PURITY DR,Boone IN,,,
HACHETTE BOOK GROUP,322 S ENTERPRISE BLVD,Boone IN,,,
BASSETT,906 S State Rd 39,Boone IN,,,
CAT,475 S MT ZION RD.,Boone IN,,,
GREEN RABBIT,5157 STATE RD 267,Boone IN,,,
SUBARU OF AMERICA,945 MONUMENT DR,Boone IN,,,
SIGMAPAC USA INC,1209 W SOUTH STREET,Boone IN,,,
SUBARU OF AMERICA,945 MONUMENT DR,Boone IN,,,
VISTA BUILDING SERVICE,6355 s county rd 475 e,Boone IN,,,
MCGINTY CONVEYORS INC.,1120 S PATTERSON STREET,Boone IN,,,
WEBER CONCRETE,3701 SOUTH INDIANAPOLIS,Boone IN,,,
LAMB FARMS,3490 N 500 EAST,Boone IN,,,
ATP STEEL & WELDING SUPPL,930 HENDRICKS DR,Boone IN,,,
BOONE COUNTY AUTOMOTIVE,1212 W MAIN ST,Boone IN,,,
NEWJAC INDUSTRIAL LLC,415 S GRANT ST,Boone IN,,,
NEWJAC INDUSTRIAL LLC,415 S GRANT ST,Boone IN,,,
ALTIUM PACKAGING,917 EDWARDS DR,Boone IN,,,
RELIABLE TRANSMISSION SVC,450 N ENTERPRISE BLVD,Boone IN,,,
DISTRIBUTOR SERVICE INC,5025  S STATE RD 267,Boone IN,,,
CATALINA SNACKS INC,100 PURITY DR,Boone IN,,,
TJL SERVICES DBA:CAPITAL CAST STONE,331 W NOBLE STREET,Boone IN,,,
WHITE CASTLE SYSTEM INC,1502 W MAIN ST,Boone IN,,,
THE ARC OF GREATER BOONE COUNTY,900 WEST MAIN ST,Boone IN,,,
THE ARC OF GREATER BOONE,912 W MAIN ST,Boone IN,,,
INDY SOD.COM LLC,3554 350 W,Boone IN,,,
MCKINLEY PACKAGING,640 S STATE RD 39,Boone IN,,,
WAL MART #1275,2440 N LEBANON ST,Boone IN,,,
DZ EXPRESS,1680 S STATE RD 39,Boone IN,,,
BOONE REMC,1207 INDIANAPOLIS AVE,Boone IN,,,
COREGISTICS,945 MONUMENT DR,Boone IN,,,
PURITY WHOLESALE GROCERS,100 PURITY DR,Boone IN,,,
A SIGN BY DESIGN INC,501 W NOBLE STREET,Boone IN,,,
LEBANON BERG VAULT,730 E ELM STREET,Boone IN,,,
VINCENNES UNIVERSITY,316 N MT ZION ROAD,Boone IN,,,
JOHN L CLARK,5350 W SR32,Boone IN,,,
AMSTON SUPPLY INC,3083 S INDIANAPOLIS ROAD,Boone IN,,,
KAUFFMAN ENGINEERING,701 RANSDELL ROAD,Boone IN,,,
RUSSELL PETERS,8300 N 700W,Boone IN,,,
J & J WOODCRAFTERS,2416 NORTH STATE ROAD 75,Boone IN,,,
CAPACITY LLC,4330 S 500E,Boone IN,,,
RYDER ROCKWELL,4255 S 500E,Boone IN,,,
CANATURE,6353 COMMERCE DR,Boone IN,,,
COOK MANAGEMENT,4287 SOUTH INDIANAPOLIS ROAD,Boone IN,,,
COOK MANAGEMENT,4259 S 500E,Boone IN,,,
BCS RECYCLING SPECIALIST,5292 PERFORMANCE WAY,Boone IN,,,
BROAD-OCEAN MOTOR LLC,4900 ALBERT S WHITE DR,Boone IN,,,
SPECTRA METAL SALES,4625 ANSON BOULEVARD,Boone IN,,,
TELAMON,4656 ANSON BLVD,Boone IN,,,
CANATURE,6353 COMMERCE DR,Boone IN,,,
GXO,5460 Industrial Court,Boone IN,,,
STORAGE SOLUTIONS INC,4330 S CR 500 E,Boone IN,,,
TELAMON,4656 ANSON BLVD,Boone IN,,,
RINKER MATERIALS,4360 WHITE LICK DR,Boone IN,,,
ROYAL INTERPACK MIDWEST,4656 ANSON BLVD,Boone IN,,,
ROYAL INTERPACK MIDWEST,4655 S PERRY WORTH RD,Boone IN,,,
BCS RECYCLING SPECIALIST,5292 PERFORMANCE WAY,Boone IN,,,
FRITO-LAY,6040 COMMERCE DROVE,Boone IN,,,
IWIS DRIVE SYSTEMS LLC,3581 S 450E,Boone IN,,,
MATTCON GENERAL CONTRACTO,345 SOUTH BOWERS ST,Boone IN,,,
GREEN RABBIT,5157 SR267,Boone IN,,,
GREEN RABBIT,5157 SR 267,Boone IN,,,
WEBB EQUIPMENT COMPANY INC,5424 ALBERT S WHITE DR,Boone IN,,,
PRECAST SOLUTIONS INC,6145 S INDIANAPOLIS ROAD,Boone IN,,,
RYDER COCA COLA,4055 S 500E,Boone IN,,,
IMPERIAL POOLS INC,5290 PERFORMANCE WAY,Boone IN,,,
TF FULFILLMENT,4257 S 500 E,Boone IN,,,
THE RECON GROUP DBA:GOTRG,5102 E 500S,Boone IN,,,
FRITO LAY,3124 PERRY BLVD,Boone IN,,,
WILLHITE EXCAVATING,4800 N 900E,Boone IN,,,
COCA-COLA CONSOLIDATED,3690 S 500E,Boone IN,,,
PEPSICO EQUIPMENT SERVICE,3124 PERRY BOULEVARD,Boone IN,,,
LOWES #2766,6711 WHITESTOWN PKWY,Boone IN,,,
EAGLE AUTOMOTIVE,4642 Northwestern Dr,Boone IN,,,
NORTHSIDE TRAILER SALES,11985 E STATE RD 32,Boone IN,,,
CLAGHORN CUSTOM FLOORING,100 NORTH 1st ST,Boone IN,,,
TRI PHASE TECHNOLOGIES,10960 BENNETT PKWY,Boone IN,,,
AMERICAN COATED PRODUCTS,7436 S MAYFLOWER PARK DR,Boone IN,,,
ROCK THE GRANITE,10806 DEANDRA DRIVE,Boone IN,,,
HOPWOOD CELLARS,2055 S US 421,Boone IN,,,
HOPWOOD CELLARS,12 E CEDAR STREET,Boone IN,,,
MEYER TRUCK EQUIPMENT,7171 MAYFLOWER PARK DRIVE,Boone IN,,,
UNCLE BILLS PET CENTER,3101 S HIGHWAY 421,Boone IN,,,
PEARSON FORD INC,10650 N MICHIGAN ROAD,Boone IN,,,
CLASSIC CAR CARRIER INC,111 SOUTH 1200E,Boone IN,,,
PANHANDLE EASTERN PIPELIN,9371 ZIONSVILLE RD,Boone IN,,,
STAR LEASING COMPANY,7450 S MAYFLOWER PARK DR,Boone IN,,,
SHERWIN WILLIAMS,1562 OAK ST,Boone IN,,,
ONE SOURCE,5520 WEST 96TH ST,Boone IN,,,
"TANGOE US, INC",6110 TECHNOLOGY CENTER DRIVE,Boone IN,,,
MULBERRY FIELDS PARK,9645 WHITESTOWN ROAD,Boone IN,,,
AMERICAN FIT CO LLC,10650 BENNETT PARKWAY,Boone IN,,,
HARLAN BAKERIES,7597 E U.S. HIGHWAY 36,Hendricks IN,,,
HARLAN BAKERIES,7597 E US HWY 36,Hendricks IN,,,
MENARDS #3136,10555 E US HWY 36,Hendricks IN,,,
RYDER,8838 E CR 100S,Hendricks IN,,,
RYDER,8862 E COUNTY RD 100 S,Hendricks IN,,,
LOWES #1135,7893 EAST US HWY #36,Hendricks IN,,,
VISTA BUILDING SERVICE,8862 E COUNTY RD 100 S,Hendricks IN,,,
VISTA BUILDING SERVICE,1322 N RONALD REAGAN PARKWAY,Hendricks IN,,,
CITY ELECTRIC SUPPLY,8491 KINGSTON STREET,Hendricks IN,,,
KAPPEL FARMS,9597 E CR 100S,Hendricks IN,,,
HARLAN BAKERIES,7597 E U.S. HIGHWAY 36,Hendricks IN,,,
AVON COMMUNITY SCHOOL CO,469 SOUTH AVON AVE,Hendricks IN,,,
AVON HIGH SCHOOL,7575 EAST 150 SOUTH,Hendricks IN,,,
AVON MAINTENANCE DEPT.,469 AVON AVE,Hendricks IN,,,
INDY MOBILE AUTO & TRUCK REPAIR,9255 EAST US HWY 36,Hendricks IN,,,
VISTA PRODUCTS COMPANY,8218 C.R.200N,Hendricks IN,,,
RYDER ECCO,8862 E COUNTY ROAD 100 S.,Hendricks IN,,,
SUNBELT RENTALS,1585 W NORTHFIELD DRIVE,Hendricks IN,,,
SWS REDISTRIBUTION CO,9915 LACEY KNOT DRIVE,Hendricks IN,,,
LOWES #2681,630 W NORTHFIELD DR,Hendricks IN,,,
ROARK WELDING,136 NORTH GREEN ST,Hendricks IN,,,
ASSOCIATED INTEGRATED SUP CHAIN SOL,4857 N RONALD REAGAN PARKWAY,Hendricks IN,,,
MAPLEHURST BAKERY,50 MAPLEHURST DR.,Hendricks IN,,,
GREEN RABBIT,1207 E NORTHFIELD DR,Hendricks IN,,,
RADIAL,502 EASTPOINT CIRCLE,Hendricks IN,,,
GEMCO,9740 US HWY 136,Hendricks IN,,,
CRYSTAL HOSPITALITY GROUP INC,41 MAPLEHURST DRIVE,Hendricks IN,,,
GREEN RABBIT,1207 E NORTHFIELD DR,Hendricks IN,,,
CONTRACT LUMBER,1590 W NORTHFIELD DR,Hendricks IN,,,
GRAHAM RAHAL PERFORMANCE,499 SOUTHPOINT CIRCLE,Hendricks IN,,,
WORLD COMMUNION CUP,554 PIT ROAD,Hendricks IN,,,
WORLD COMMUNION CUP,70 MARDALE DRIVE,Hendricks IN,,,
MELTING POINT METALWORKS LLC,70 MARDALE DRIVE,Hendricks IN,,,
SWS REDISTRIBUTION CO,9915 LACEY KNOT DRIVE,Hendricks IN,,,
CORNERSTONE FLOORING,8781 MOTORSPORTS WAY,Hendricks IN,,,
WAL MART #2788,400 W NORTHFIELD DR,Hendricks IN,,,
SCHUMACHER MOTORSPORTS,1681 E NORTHFIELD DR,Hendricks IN,,,
HONDA PERFORMANCE DEVELOP,486 SOUTHPOINT CIRCLE,Hendricks IN,,,
MRC WOOD PRODUCTS,8945 MOTORSPORTS WAY,Hendricks IN,,,
MPM EQUIPMENT CO,70 MARDALE DRIVE SUITE D,Hendricks IN,,,
BIGRENTZ,1551 N GREEN ST,Hendricks IN,,,
CHECKERED PAST RACING PRODUCTS LLC,481 SOUTHPOINT DIRCLE,Hendricks IN,,,
ARTISAN HOMES INC,7445 E CR 400N,Hendricks IN,,,
WAYNE TAYLOR RACING,493 A SOUTHPOINT CIRCLE,Hendricks IN,,,
RAI TRANSPORTATION INC,580 W NORTHFIELD DRIVE,Hendricks IN,,,
DHL,1722 GATEWAY POINT,Hendricks IN,,,
STORAGE SOLUTIONS INC,1974 INNOVATION BLVD,Hendricks IN,,,
CEVA,1564 INNOVATION BLVD,Hendricks IN,,,
VISTA BUILDING SERVICE,10566 GATEWAY POINT,Hendricks IN,,,
MILL CREEK SCHOOLS,6631 S COUNTY RD 200 W,Hendricks IN,,,
GEODIS LOGISTICS LLC,9472 DISTRIBUTION DRIVE,Hendricks IN,,,
GEODIS LOGISTICS LLC,1716 INNOVATION BLVD,Hendricks IN,,,
WASTE MANAGEMENT,3859 U S HWY #40,Hendricks IN,,,
WASTE MANAGEMENT,3859 U S HWY #40,Hendricks IN,,,
CEVA LOGISTICS,1564 INNOVATION BOULEVARD,Hendricks IN,,,
EXPRESS RV REPAIR INC,192 W CR 600S,Hendricks IN,,,
QUALITY HYDRAULIC MACHINE,4905 E CR 450 N,Hendricks IN,,,
BIO-RESPONSE SOLUTIONS,200 COLIN COURT,Hendricks IN,,,
VICTORY DOOR DISTRIBUTORS,2822 E MAIN ST,Hendricks IN,,,
LAWSON & COMPANY,1280 E MAIN ST,Hendricks IN,,,
PRIME MECHANICAL,1313 W MAIN,Hendricks IN,,,
MARINE WRX LLC,121 COMMERCE DR,Hendricks IN,,,
84 LUMBER STORE NO. 0720,352 S CR 300E,Hendricks IN,,,
R&M ELECTRIC,3173 E MAIN STREET,Hendricks IN,,,
CUPP MY PLUMBER INC,145 E MAIN STREET,Hendricks IN,,,
MARK LEHR,1 HICKORY CT,Hendricks IN,,,
RICKS ROOFING INC,2182 W CR350S,Hendricks IN,,,
WAL MART #6476,1894 RIDGE AVENUE,Hendricks IN,,,
STEEL DYNAMICS,8000 N COUNTY RD 225 E,Hendricks IN,,,
STEEL DYNAMICS,8000 N COUNTY RD 225 E,Hendricks IN,,,
WORLD COMMUNION CUP,610 W MAIN STREET,Hendricks IN,,,
STEEL DYNAMICS,8000 N COUNTY RD 225 E,Hendricks IN,,,
MILESTONE PRODUCTS INC,1300 E US HIGHWAY 136,Hendricks IN,,,
PROGRESSIVE LOGISTICS,600 PERRY RD,Hendricks IN,,,
PROGRESSIVE LOGISTICS,861 S PERRY RD,Hendricks IN,,,
PROGRESSIVE LOGISTICS,2363 E PERRY RD,Hendricks IN,,,
GOODWILL OF CENTRAL & SOU,2806 AIRWEST BLVD,Hendricks IN,,,
GOODWILL OF CENTRAL & SOU,861 PERRY ROAD,Hendricks IN,,,
LAKESIDE BOOK COMPANY,2151 AIRWEST BLVD,Hendricks IN,,,
RYDER - AKZO NOBEL,4132 PLAINFIELD RD,Hendricks IN,,,
AEL SPAN,6032 GATEWAY DR,Hendricks IN,,,
AEL SPAN,3051 MIDFIELD CT,Hendricks IN,,,
LABCORP CENTRAL LABORATORY SERVICES,2824 AIRWEST,Hendricks IN,,,
MD LOGISTICS,700 PERRY ROAD,Hendricks IN,,,
SNYDERS LANCE,1705 MIDWEST DRIVE,Hendricks IN,,,
COOK MANAGEMENT,2516 AIRWEST BOULEVARD,Hendricks IN,,,
DGP INTELSIUS LLC,1399 PERRY ROAD,Hendricks IN,,,
SEDGWICK,441 AIRTECH PARKWAY,Hendricks IN,,,
BELKIN COMPONENTS,558 AIRTECH PARKWAY,Hendricks IN,,,
CROWN LIFT TRUCKS,2495 EAST PERRY RD,Hendricks IN,,,
FIRESTONE BUILDINGG PRODUCTS,2375 REEVES RD,Hendricks IN,,,
XPO LOGISTICS,1380 PERRY RD,Hendricks IN,,,
CEVA,2151 AIRWEST BLVD,Hendricks IN,,,
FEDEX SUPPLY CHAIN,1551 S PERRY RD,Hendricks IN,,,
LANGHAM LOGISTICS,650 S PERRY ROAD,Hendricks IN,,,
BAUER HOCKEY,2856 RONALD REAGAN PARKWAY,Hendricks IN,,,
LSC Communications,700 AIRTECH PKWY,Hendricks IN,,,
STORAGE SOLUTIONS INC,1301 SMITH RD,Hendricks IN,,,
STORAGE SOLUTIONS INC,6809 DELWARE DR,Hendricks IN,,,
STORAGE SOLUTIONS INC,1201 PERRY RD,Hendricks IN,,,
STORAGE SOLUTIONS INC,915 AIRTECH PKWY,Hendricks IN,,,
STORAGE SOLUTIONS INC,700 PERRY RD,Hendricks IN,,,
STORAGE SOLUTIONS INC,1705 MIDWEST DR,Hendricks IN,,,
RYDER,1301 SMITH RD,Hendricks IN,,,
CEVA,501 AIRTECH PARKWAY,Hendricks IN,,,
GXO,1380 PERRY RD,Hendricks IN,,,
CROSSROAD CENTERS,2209 STAFFORD RD,Hendricks IN,,,
PENSKE,1025 S COLUMBIA RD,Hendricks IN,,,
PENSKE LOGISTICS,807 PERRY RD,Hendricks IN,,,
FORD DISTRIBUTION CENTER,2675 REEVES RD,Hendricks IN,,,
RYDER - AKZO NOBEL,4132 PLAINFIELD RD,Hendricks IN,,,
PELI BIOTHERMAL LLC,915 AIRTECH PKWY,Hendricks IN,,,
SEDGWICK,441 AIRTECH PARKWAY,Hendricks IN,,,
AGS EXPO SERVICES,2363 E PERRY RD,Hendricks IN,,,
HARTZ MOUNTAIN CORP,445 AIRTECH PKWY,Hendricks IN,,,
GEODIS LOGISTICS LLC,2425 E PERRY ROAD,Hendricks IN,,,
GEODIS LOGISTICS LLC,1100 WHITAKER RD,Hendricks IN,,,
AEL SPAN,6032 GATEWAY DR,Hendricks IN,,,
ELI LILLY,2222 STANLEY RD,Hendricks IN,,,
IDS,9431 ALL POINTS PKWY,Hendricks IN,,,
SMART WAREHOUSE,909 WHITAKER,Hendricks IN,,,
SCHENKER INC,2363 PERRY ROAD,Hendricks IN,,,
MIDLAND PAPER,2363 PERRY RD,Hendricks IN,,,
TRENT ELECTRIC,2340 E PERRY RD,Hendricks IN,,,
SCHUETZ CONTAINER,2375 REEVES RD,Hendricks IN,,,
INTER-CONTINENTAL GEAR & BRAKE,923 WHITAKER RD,Hendricks IN,,,
WINFIELD UNITED,600 SOUTH PERRY RD S SUITE 100,Hendricks IN,,,
SAFRAN NACELLES,845 AIRTECH PARKWAY,Hendricks IN,,,
SHIPCALM LLC,8377 CAMBY ROAD,Hendricks IN,,,
RHENUS WAREHOUSING SOLUTIONS IND LL,915 AIRTECH PARKWAY,Hendricks IN,,,
WINFIELD UNITED,600 PERRY ROAD,Hendricks IN,,,
LOWES PRO SUPPLY,2825 REEVES ROAD,Hendricks IN,,,
HARTZ MOUNTAIN CORP,445 AIRTECH PKWY,Hendricks IN,,,
ADESA INC.,2950 E MAIN ST,Hendricks IN,,,
THERMAL STRUCTURES INC,2800 AIRWEST BLVD,Hendricks IN,,,
GOODWILL OF CENTRAL & SOU,861 PERRY ROAD,Hendricks IN,,,
AIRCELLE SERVICES AMERICA,845 AIRTECH PARKWAY,Hendricks IN,,,
SHERWIN WILLIAMS,2377 E MAIN ST,Hendricks IN,,,
PENSKE LEASING LOGISTICS,9590 BRADFORD ROAD,Hendricks IN,,,
ANDY MOHR FORD,2713 E MAIN ST,Hendricks IN,,,
GREAT LAKES ACE,1800 E MAIN ST,Hendricks IN,,,
TKO ENTERPRISES,2751 STAFFORD RD,Hendricks IN,,,
CEVA LOGISTICS,501 AIRTECH PKWY,Hendricks IN,,,
CEVA LOGISTICS,2301 REEVES ROAD,Hendricks IN,,,
CEVA LOGISTICS,2151 AIRWEST BLVD,Hendricks IN,,,
CEVA LOGISTICS,702  COLUMBIA RD,Hendricks IN,,,
AMERICAN FLOOR COVERING,2340 PERRY RD,Hendricks IN,,,
CEVA LOGISTICS,501 AIRTECH PKWY,Hendricks IN,,,
FOXCONN,1581 PERRY RD,Hendricks IN,,,
FIRESTONE BUILDINGG PRODUCTS,2375 REEVES RD,Hendricks IN,,,
XPO LOGISTICS,600 PERRY RD,Hendricks IN,,,
ELI LILLY,2222 STANLEY RD,Hendricks IN,,,
PROFESSIONAL GARAGE DOORS,6030 GATEWAY DR,Hendricks IN,,,
HANZO LOGISTICS,450 AIRTECH PKWY,Hendricks IN,,,
HANZO LOGISTICS,"8370 CAMBY RD, STE 103",Hendricks IN,,,
DUKE ENERGY,1000 E MAIN ST,Hendricks IN,,,
AUXILIARY OPERATIONS,923 WHITAKER,Hendricks IN,,,
AUXILIARY OPERATIONS,923 WHITAKER,Hendricks IN,,,
PENSKE LOGISTICS,807 PERRY RD,Hendricks IN,,,
PENSKE LOGISTICS,9597 BRADFORD ROAD,Hendricks IN,,,
WAL MART #828,2373 E MAIN ST,Hendricks IN,,,
CHATEAU THOMAS,6291 CAMBRIDGE WAY,Hendricks IN,,,
PENSKE LOGISTICS,9597 BRADFORD RD,Hendricks IN,,,
INDUSTRIAL & COMMERCIAL CONTRACTING,1301 PERRY RD,Hendricks IN,,,
THE HOME DEPOT/RLC 8615,1390 PERRY RD,Hendricks IN,,,
WALMART IND2 DISTRIBUTION,9360 ALLPOINTS PKWY,Hendricks IN,,,
CH ROBINSON,4241 PLAINFIELD RD,Hendricks IN,,,
WHEELS INC,1301 SMITH RD,Hendricks IN,,,
EM BRANDS,790 COLUMBIA ROAD,Hendricks IN,,,
PACE AIR FREIGHT,3345 E MAIN STREET,Hendricks IN,,,
FULL BEAUTY BRANDS OPERATIONS LLC,3003 REEVES ROAD,Hendricks IN,,,
WHICKER CONSTRUCTION INC,995 ANDICO ROAD,Hendricks IN,,,
WAL-MART #6470,900 W MAIN STREET,Hendricks IN,,,
DAN PACE REAL ESTATE INVESTMENTE,7796 S COUNTY RD350W,Hendricks IN,,,
